qb_id,qb_name,team,season,epa_per_play,attempts,completion_rate,sack_rate
00-0019596,T.Brady,NE,2019,0.021347111,679,0.5787923416789397,0.03824362606232295
00-0019596,T.Brady,TB,2020,0.20530502,773,0.6235446313065977,0.03375
00-0019596,T.Brady,TB,2021,0.15967792,838,0.649164677804296,0.03344867358708189
00-0019596,T.Brady,TB,2022,0.040026702,828,0.6340579710144928,0.028169014084507043
00-0020531,D.Brees,NO,2019,0.18646045,422,0.7274881516587678,0.034324942791762014
00-0020531,D.Brees,NO,2020,0.10395827,475,0.6778947368421052,0.02663934426229508
00-0021206,J.McCown,PHI,2019,-0.071387455,35,0.6,0.14634146341463414
00-0022787,M.Schaub,ATL,2019,0.29049125,70,0.7142857142857143,0.027777777777777776
00-0022803,E.Manning,NYG,2019,-0.04374758,152,0.5986842105263158,0.03184713375796178
00-0022824,A.Lee,ARI,2019,4.2406874,1,1.0,0.0
00-0022824,A.Lee,ARI,2020,4.0140114,1,1.0,0.0
00-0022824,A.Lee,ARI,2021,-0.947,1,0.0,0.0
00-0022824,A.Lee,ARI,2022,2.864477,1,1.0,0.0
00-0022924,B.Roethlisberger,PIT,2019,-0.20520037,64,0.546875,0.030303030303030304
00-0022924,B.Roethlisberger,PIT,2020,0.07638043,696,0.6408045977011494,0.018335684062059238
00-0022924,B.Roethlisberger,PIT,2021,-0.07661314,692,0.6054913294797688,0.0546448087431694
00-0022942,P.Rivers,LAC,2019,0.09230018,623,0.6260032102728732,0.0517503805175038
00-0022942,P.Rivers,IND,2020,0.17785054,608,0.6513157894736842,0.030303030303030304
00-0022942,P.Rivers,IND,2025,-0.115417905,97,0.5979381443298969,0.049019607843137254
00-0023436,A.Smith,WAS,2020,-0.13708828,274,0.6131386861313869,0.07432432432432433
00-0023459,A.Rodgers,GB,2019,0.122243606,678,0.5899705014749262,0.05702364394993046
00-0023459,A.Rodgers,GB,2020,0.3243168,634,0.6750788643533123,0.03793626707132018
00-0023459,A.Rodgers,GB,2021,0.21989824,592,0.652027027027027,0.05582137161084529
00-0023459,A.Rodgers,GB,2022,-0.0062527736,575,0.6086956521739131,0.05271828665568369
00-0023459,A.Rodgers,NYJ,2023,-1.01598,2,0.0,0.3333333333333333
00-0023459,A.Rodgers,NYJ,2024,0.0069039003,627,0.5869218500797448,0.05997001499250375
00-0023459,A.Rodgers,PIT,2025,-0.016409,564,0.6099290780141844,0.05527638190954774
00-0023534,D.Colquitt,KC,2019,-1.6261455,2,0.0,0.0
00-0023682,R.Fitzpatrick,MIA,2019,0.04219947,543,0.572744014732965,0.0686106346483705
00-0023682,R.Fitzpatrick,MIA,2020,0.18421137,282,0.648936170212766,0.0472972972972973
00-0023682,R.Fitzpatrick,WAS,2021,-0.68376845,7,0.42857142857142855,0.125
00-0024417,S.Koch,BAL,2019,-2.6248016,1,1.0,0.0
00-0024417,S.Koch,BAL,2020,3.3933275,1,1.0,0.0
00-0024417,S.Koch,BAL,2021,-2.7787173,1,0.0,0.0
00-0025708,M.Moore,KC,2019,0.063619405,98,0.6020408163265306,0.07547169811320754
00-0025825,B.Kern,TEN,2019,1.8128109,3,0.6666666666666666,0.0
00-0025825,B.Kern,TEN,2020,-1.4116644,2,0.0,0.0
00-0026035,D.Amendola,DET,2019,1.9585356,1,1.0,0.0
00-0026035,D.Amendola,HOU,2021,-0.36169755,1,0.0,0.0
00-0026143,M.Ryan,ATL,2019,0.0410039,668,0.6107784431137725,0.0670391061452514
00-0026143,M.Ryan,ATL,2020,0.10119854,669,0.6083707025411061,0.057746478873239436
00-0026143,M.Ryan,ATL,2021,-0.033235855,601,0.6239600665557404,0.062402496099843996
00-0026143,M.Ryan,IND,2022,-0.08497998,502,0.6155378486055777,0.07037037037037037
00-0026158,J.Flacco,DEN,2019,-0.083160944,288,0.59375,0.08280254777070063
00-0026158,J.Flacco,NYJ,2020,-0.049178302,141,0.524822695035461,0.0472972972972973
00-0026158,J.Flacco,NYJ,2021,0.13308147,44,0.6136363636363636,0.043478260869565216
00-0026158,J.Flacco,NYJ,2022,-0.14218424,201,0.5472636815920398,0.04739336492890995
00-0026158,J.Flacco,CLE,2023,-0.10380581,263,0.596958174904943,0.04363636363636364
00-0026158,J.Flacco,IND,2024,0.011493588,267,0.6067415730337079,0.06315789473684211
00-0026158,J.Flacco,CIN,2025,-0.10132766,432,0.5810185185185185,0.04
00-0026197,C.Henne,KC,2020,0.2794461,49,0.6938775510204082,0.057692307692307696
00-0026197,C.Henne,KC,2021,0.022884032,16,0.6875,0.0
00-0026197,C.Henne,KC,2022,0.090604246,9,0.5555555555555556,0.0
00-0026300,J.Johnson,NYJ,2021,0.31998166,88,0.6477272727272727,0.03296703296703297
00-0026300,J.Johnson,SF,2022,-0.16831858,17,0.47058823529411764,0.10526315789473684
00-0026300,J.Johnson,BAL,2024,-0.4524339,4,0.5,0.2
00-0026300,J.Johnson,WAS,2025,0.1489333,54,0.6296296296296297,0.03571428571428571
00-0026498,M.Stafford,DET,2019,0.21671389,308,0.6071428571428571,0.05521472392638037
00-0026498,M.Stafford,DET,2020,0.11908417,563,0.6021314387211367,0.0632279534109817
00-0026498,M.Stafford,LA,2021,0.2106329,780,0.6435897435897436,0.04528763769889841
00-0026498,M.Stafford,LA,2022,-0.08265407,332,0.6204819277108434,0.08033240997229917
00-0026498,M.Stafford,LA,2023,0.11745054,589,0.5959252971137521,0.05152979066022544
00-0026498,M.Stafford,LA,2024,0.07291169,624,0.6169871794871795,0.05311077389984825
00-0026498,M.Stafford,LA,2025,0.21804404,741,0.6126855600539811,0.03766233766233766
00-0026516,B.Colquitt,MIN,2020,-0.947,1,0.0,0.0
00-0026544,C.Daniel,CHI,2019,0.04726383,71,0.6338028169014085,0.08974358974358974
00-0026544,C.Daniel,DET,2020,-0.29938516,45,0.6444444444444445,0.0625
00-0026544,C.Daniel,LAC,2022,0.10809502,14,0.5714285714285714,0.06666666666666667
00-0026625,B.Hoyer,IND,2019,-0.42454508,71,0.49295774647887325,0.06578947368421052
00-0026625,B.Hoyer,NE,2020,-0.27945572,26,0.5769230769230769,0.07142857142857142
00-0026625,B.Hoyer,NE,2021,1.8979213,11,0.8181818181818182,0.0
00-0026625,B.Hoyer,NE,2022,-0.30378914,7,0.7142857142857143,0.125
00-0026625,B.Hoyer,LV,2023,-0.20420402,43,0.5348837209302325,0.022727272727272728
00-0027114,T.Morstead,NYJ,2023,2.6709,1,1.0,0.0
00-0027150,J.Edelman,NE,2019,2.7680333,2,1.0,0.0
00-0027150,J.Edelman,NE,2020,1.7221525,2,1.0,0.0
00-0027685,E.Sanders,SF,2019,3.320115,1,1.0,0.0
00-0027688,C.McCoy,WAS,2019,-0.74084324,33,0.5454545454545454,0.15384615384615385
00-0027688,C.McCoy,NYG,2020,-0.1310129,72,0.5555555555555556,0.06493506493506493
00-0027688,C.McCoy,ARI,2021,0.12045091,105,0.7047619047619048,0.05405405405405406
00-0027688,C.McCoy,ARI,2022,-0.2356594,145,0.6206896551724138,0.08227848101265822
00-0027891,G.Tate,NYG,2020,0.93269914,2,0.5,0.0
00-0027939,C.Newton,CAR,2019,-0.14004515,94,0.5319148936170213,0.06
00-0027939,C.Newton,NE,2020,-0.027901033,398,0.6080402010050251,0.07226107226107226
00-0027939,C.Newton,CAR,2021,-0.2639834,137,0.5036496350364964,0.06802721088435375
00-0027948,B.Gabbert,TB,2020,0.07501242,17,0.5294117647058824,0.05555555555555555
00-0027948,B.Gabbert,TB,2021,0.015986249,12,0.5833333333333334,0.07692307692307693
00-0027948,B.Gabbert,TB,2022,0.026905507,8,0.75,0.0
00-0027948,B.Gabbert,KC,2023,-0.31373534,36,0.5,0.02702702702702703
00-0027973,A.Dalton,CIN,2019,-0.032146405,560,0.5607142857142857,0.06197654941373534
00-0027973,A.Dalton,DAL,2020,-0.02319679,357,0.6050420168067226,0.06299212598425197
00-0027973,A.Dalton,CHI,2021,-0.10346177,256,0.58203125,0.06569343065693431
00-0027973,A.Dalton,NO,2022,0.018560724,404,0.6237623762376238,0.05827505827505827
00-0027973,A.Dalton,CAR,2023,0.09327963,61,0.5573770491803278,0.046875
00-0027973,A.Dalton,CAR,2024,-0.14934948,168,0.6309523809523809,0.04
00-0027973,A.Dalton,CAR,2025,-0.21641783,45,0.5555555555555556,0.1509433962264151
00-0028002,R.Cobb,DAL,2019,-0.39894006,1,0.0,0.0
00-0028002,R.Cobb,HOU,2020,-0.5173711,1,0.0,0.0
00-0028064,B.Powell,NYJ,2019,-0.5224095,1,0.0,0.0
00-0028118,T.Taylor,LAC,2019,0.60872895,6,0.6666666666666666,0.0
00-0028118,T.Taylor,LAC,2020,0.009173036,32,0.5,0.058823529411764705
00-0028118,T.Taylor,HOU,2021,-0.0441135,162,0.5617283950617284,0.07428571428571429
00-0028118,T.Taylor,NYG,2022,0.26231945,12,0.5,0.2
00-0028118,T.Taylor,NYG,2023,0.012547047,192,0.6041666666666666,0.08133971291866028
00-0028118,T.Taylor,NYJ,2024,0.44514573,25,0.68,0.0
00-0028118,T.Taylor,NYJ,2025,-0.048091605,147,0.54421768707483,0.08695652173913043
00-0028664,C.Jones,DAL,2020,-3.3216047,1,0.0,0.0
00-0028872,J.Hekker,LA,2019,1.0816534,3,0.6666666666666666,0.0
00-0028872,J.Hekker,LA,2021,-1.7645458,2,0.5,0.0
00-0028872,J.Hekker,CAR,2023,-1.9410884,1,1.0,0.0
00-0028872,J.Hekker,CAR,2024,-2.8560174,2,0.0,0.0
00-0028986,C.Keenum,WAS,2019,-0.030177921,262,0.6106870229007634,0.05415162454873646
00-0028986,C.Keenum,CLE,2020,-0.4156521,10,0.5,0.0
00-0028986,C.Keenum,CLE,2021,-0.053115703,77,0.6103896103896104,0.06097560975609756
00-0028986,C.Keenum,BUF,2022,-0.82661057,7,0.2857142857142857,0.0
00-0028986,C.Keenum,HOU,2023,-0.35002252,59,0.576271186440678,0.09230769230769231
00-0029000,C.Beasley,BUF,2020,2.913771,1,1.0,0.0
00-0029000,C.Beasley,BUF,2021,-0.47759083,1,0.0,0.0
00-0029263,R.Wilson,SEA,2019,0.15801375,630,0.6031746031746031,0.07894736842105263
00-0029263,R.Wilson,SEA,2020,0.10669546,638,0.6191222570532915,0.07536231884057971
00-0029263,R.Wilson,SEA,2021,0.03285576,435,0.5954022988505747,0.07051282051282051
00-0029263,R.Wilson,DEN,2022,-0.07521824,538,0.5427509293680297,0.09274873524451939
00-0029263,R.Wilson,DEN,2023,-0.04520986,491,0.604887983706721,0.08395522388059702
00-0029263,R.Wilson,PIT,2024,0.02130982,401,0.5835411471321695,0.08447488584474885
00-0029263,R.Wilson,NYG,2025,-0.12260353,129,0.5348837209302325,0.07194244604316546
00-0029567,N.Foles,JAX,2019,-0.12690802,128,0.6015625,0.058823529411764705
00-0029567,N.Foles,CHI,2020,-0.13401407,330,0.6121212121212121,0.05172413793103448
00-0029567,N.Foles,CHI,2021,0.15037961,40,0.6,0.09090909090909091
00-0029567,N.Foles,IND,2022,-0.67043334,50,0.5,0.13793103448275862
00-0029604,K.Cousins,MIN,2019,0.13143873,543,0.6390423572744015,0.06217616580310881
00-0029604,K.Cousins,MIN,2020,0.16294153,558,0.6254480286738351,0.06532663316582915
00-0029604,K.Cousins,MIN,2021,0.10967493,587,0.6337308347529813,0.04552845528455285
00-0029604,K.Cousins,MIN,2022,0.055200595,729,0.6241426611796982,0.05935483870967742
00-0029604,K.Cousins,MIN,2023,0.0670983,326,0.6625766871165644,0.04956268221574344
00-0029604,K.Cousins,ATL,2024,0.033650987,478,0.6338912133891214,0.05533596837944664
00-0029604,K.Cousins,ATL,2025,-0.023036778,281,0.5907473309608541,0.04421768707482993
00-0029623,A.Tanney,NYG,2019,-0.04524401,1,1.0,0.0
00-0029664,J.Gordon,SEA,2019,-2.8734639,1,0.0,0.0
00-0029665,R.Griffin III,BAL,2019,0.018219447,43,0.5348837209302325,0.10416666666666667
00-0029665,R.Griffin,BAL,2020,-1.1958596,17,0.47058823529411764,0.15
00-0029692,B.Anger,DAL,2021,3.8561704,1,1.0,0.0
00-0029692,B.Anger,DAL,2023,1.053,1,0.0,0.0
00-0029692,B.Anger,DAL,2024,-2.8435113,2,0.5,0.0
00-0029701,R.Tannehill,TEN,2019,0.19276963,380,0.6236842105263158,0.08653846153846154
00-0029701,R.Tannehill,TEN,2020,0.2410996,534,0.6235955056179775,0.044722719141323794
00-0029701,R.Tannehill,TEN,2021,0.047978383,603,0.6169154228855721,0.07373271889400922
00-0029701,R.Tannehill,TEN,2022,0.06782511,358,0.5921787709497207,0.08439897698209718
00-0029701,R.Tannehill,TEN,2023,-0.07274859,260,0.573076923076923,0.1095890410958904
00-0029747,C.Banjo,ARI,2021,3.7315283,1,1.0,0.0
00-0029857,R.Griffin,TB,2019,-0.15598038,4,0.5,0.0
00-0030085,K.Stills,HOU,2019,-2.0305705,1,0.0,0.5
00-0030140,T.Way,WAS,2024,3.9842155,1,1.0,0.0
00-0030151,T.Bray,CHI,2020,-0.26527318,4,0.25,0.0
00-0030279,K.Allen,LAC,2020,-0.517419,1,0.0,0.0
00-0030279,K.Allen,LAC,2021,0.27977222,2,0.0,0.0
00-0030279,K.Allen,LAC,2023,1.7574384,2,0.5,0.0
00-0030279,K.Allen,CHI,2024,-5.9111633,1,0.0,0.0
00-0030288,R.Burkhead,HOU,2021,-0.49312064,1,0.0,0.0
00-0030288,R.Burkhead,HOU,2022,-0.4519726,1,0.0,0.0
00-0030465,K.Barner,ATL,2019,-0.14810775,1,1.0,0.0
00-0030506,T.Kelce,KC,2020,0.22654657,2,0.5,0.0
00-0030506,T.Kelce,KC,2021,0.70204556,1,1.0,0.0
00-0030520,M.Glennon,LV,2019,0.10464356,10,0.6,0.0
00-0030520,M.Glennon,JAX,2020,-0.1492334,189,0.5873015873015873,0.045454545454545456
00-0030520,M.Glennon,NYG,2021,-0.44105962,174,0.5172413793103449,0.04918032786885246
00-0030533,M.Barkley,BUF,2019,-0.184264,52,0.5192307692307693,0.037037037037037035
00-0030533,M.Barkley,BUF,2020,0.006495476,22,0.5,0.043478260869565216
00-0030564,D.Hopkins,HOU,2019,-2.7892413,2,0.5,0.0
00-0030564,D.Hopkins,TEN,2023,-0.20025218,1,0.0,0.0
00-0030565,G.Smith,SEA,2020,0.106465645,6,0.6666666666666666,0.14285714285714285
00-0030565,G.Smith,SEA,2021,-0.00433701,107,0.6074766355140186,0.10833333333333334
00-0030565,G.Smith,SEA,2022,0.045040302,658,0.6443768996960486,0.06930693069306931
00-0030565,G.Smith,SEA,2023,0.07723233,528,0.6117424242424242,0.055456171735241505
00-0030565,G.Smith,SEA,2024,0.032246504,629,0.6470588235294118,0.07363770250368189
00-0030565,G.Smith,LV,2025,-0.12966287,503,0.6003976143141153,0.0985663082437276
00-0030578,C.Patterson,ATL,2021,-0.59963995,1,0.0,0.0
00-0030669,A.Wilson,MIA,2019,-0.272696,3,0.3333333333333333,0.25
00-0030669,A.Wilson,MIA,2021,-1.0267665,2,0.0,0.3333333333333333
00-0031051,J.Brown,BUF,2019,2.7713246,2,1.0,0.0
00-0031062,J.White,NE,2019,2.000194,1,1.0,0.0
00-0031076,D.Fales,NYJ,2019,-0.84204245,1,0.0,0.5
00-0031136,C.Boswell,PIT,2021,-3.0074847,1,0.0,0.0
00-0031235,O.Beckham,CLE,2019,0.45146245,2,0.5,0.0
00-0031235,O.Beckham,CLE,2020,0.5891707,1,1.0,0.0
00-0031235,O.Beckham,LA,2021,2.278347,1,1.0,0.0
00-0031237,T.Bridgewater,NO,2019,0.09827048,208,0.6394230769230769,0.05454545454545454
00-0031237,T.Bridgewater,CAR,2020,0.09535411,523,0.6500956022944551,0.05595667870036101
00-0031237,T.Bridgewater,DEN,2021,0.119416356,460,0.6195652173913043,0.06313645621181263
00-0031237,T.Bridgewater,MIA,2022,-0.02780895,87,0.5632183908045977,0.07446808510638298
00-0031237,T.Bridgewater,DET,2024,-0.1319518,1,1.0,0.0
00-0031237,T.Bridgewater,TB,2025,-0.6954074,17,0.47058823529411764,0.10526315789473684
00-0031260,L.Thomas,WAS,2020,1.8633734,1,1.0,0.0
00-0031280,D.Carr,LV,2019,0.15151773,541,0.66728280961183,0.05087719298245614
00-0031280,D.Carr,LV,2020,0.09342552,540,0.6444444444444445,0.045936395759717315
00-0031280,D.Carr,LV,2021,0.040366653,722,0.6329639889196675,0.05620915032679739
00-0031280,D.Carr,LV,2022,0.03059776,532,0.5733082706766918,0.04830053667262969
00-0031280,D.Carr,NO,2023,0.05105284,581,0.6454388984509466,0.05065359477124183
00-0031280,D.Carr,NO,2024,0.13748172,290,0.6517241379310345,0.026845637583892617
00-0031288,A.McCarron,HOU,2019,-0.16274568,42,0.5,0.10638297872340426
00-0031288,A.McCarron,HOU,2020,-0.6245204,2,0.5,0.3333333333333333
00-0031288,A.McCarron,CIN,2023,-0.87517864,6,0.6666666666666666,0.14285714285714285
00-0031325,S.Watkins,KC,2019,-0.8703417,1,0.0,0.5
00-0031325,S.Watkins,KC,2020,-1.9586511,1,0.0,0.0
00-0031345,J.Garoppolo,SF,2019,0.14100154,576,0.6354166666666666,0.06493506493506493
00-0031345,J.Garoppolo,SF,2020,0.16575904,151,0.6225165562913907,0.06790123456790123
00-0031345,J.Garoppolo,SF,2021,0.13445507,546,0.63003663003663,0.05699481865284974
00-0031345,J.Garoppolo,SF,2022,0.18695128,326,0.6349693251533742,0.05232558139534884
00-0031345,J.Garoppolo,LV,2023,-0.08668218,183,0.6010928961748634,0.07106598984771574
00-0031345,J.Garoppolo,LA,2024,0.04468148,45,0.6,0.0625
00-0031363,M.Palardy,CAR,2019,3.8044436,1,1.0,0.0
00-0031363,M.Palardy,,2021,3.4569964,0,,
00-0031376,J.McKinnon,KC,2023,1.1053475,1,1.0,0.0
00-0031381,D.Adams,LV,2022,-1.8045641,1,0.0,0.5
00-0031382,J.Landry,CLE,2020,1.7901059,4,1.0,0.0
00-0031382,J.Landry,CLE,2021,-0.38320145,1,0.0,0.5
00-0031395,G.Gilbert,CLE,2019,-0.3532931,3,0.0,0.0
00-0031395,G.Gilbert,DAL,2020,-0.17051353,39,0.5384615384615384,0.04878048780487805
00-0031395,G.Gilbert,WAS,2021,-0.08334525,33,0.6060606060606061,0.05714285714285714
00-0031407,B.Bortles,LA,2019,-0.7143179,2,0.5,0.0
00-0031503,J.Winston,TB,2019,0.06782501,674,0.5637982195845698,0.0651872399445215
00-0031503,J.Winston,NO,2020,0.37745282,14,0.5714285714285714,0.125
00-0031503,J.Winston,NO,2021,0.17640941,172,0.5523255813953488,0.060109289617486336
00-0031503,J.Winston,NO,2022,-0.10741131,125,0.584,0.08088235294117647
00-0031503,J.Winston,NO,2023,-0.1997759,49,0.5102040816326531,0.0392156862745098
00-0031503,J.Winston,CLE,2024,-0.067629896,326,0.5552147239263804,0.06857142857142857
00-0031503,J.Winston,NYG,2025,0.26670772,69,0.5362318840579711,0.041666666666666664
00-0031543,T.Long,LAC,2021,-2.7671607,1,0.0,0.0
00-0031544,A.Cooper,CLE,2022,-4.9805026,1,0.0,0.0
00-0031588,S.Diggs,MIN,2019,-1.6695719,2,0.0,0.3333333333333333
00-0031588,S.Diggs,BUF,2021,-0.8363274,1,0.0,0.5
00-0031588,S.Diggs,HOU,2024,2.3074212,1,1.0,0.0
00-0031589,B.Hundley,ARI,2019,0.014050237,13,0.38461538461538464,0.13333333333333333
00-0031800,T.Heinicke,WAS,2020,0.12735334,67,0.5671641791044776,0.04285714285714286
00-0031800,T.Heinicke,WAS,2021,-0.052165605,532,0.6033834586466166,0.06666666666666667
00-0031800,T.Heinicke,WAS,2022,-0.040632218,276,0.5833333333333334,0.06440677966101695
00-0031800,T.Heinicke,ATL,2023,0.06507789,142,0.5211267605633803,0.05333333333333334
00-0031800,T.Heinicke,LAC,2024,-0.9025124,8,0.375,0.2727272727272727
00-0031941,J.Crowder,NYJ,2020,3.8461673,1,1.0,0.0
00-0031941,J.Crowder,NYJ,2021,-0.1489079,2,0.0,0.3333333333333333
00-0032009,A.Humphries,TEN,2020,-0.4747733,1,0.0,0.5
00-0032065,B.Pinion,ATL,2024,-0.947,1,0.0,0.0
00-0032156,T.Siemian,NYJ,2019,-0.6951391,8,0.375,0.2
00-0032156,T.Siemian,NO,2021,-0.04671528,201,0.5373134328358209,0.04285714285714286
00-0032156,T.Siemian,CHI,2022,-0.25185436,28,0.5357142857142857,0.06666666666666667
00-0032156,T.Siemian,NYJ,2023,-0.3436765,161,0.5341614906832298,0.047337278106508875
00-0032208,P.Dorsett,HOU,2022,-0.5361111,1,0.0,0.0
00-0032245,S.Mannion,MIN,2019,-0.19337599,21,0.5714285714285714,0.0
00-0032245,S.Mannion,MIN,2021,-0.27343842,38,0.5789473684210527,0.05
00-0032268,M.Mariota,TEN,2019,-0.023888096,184,0.5217391304347826,0.11961722488038277
00-0032268,M.Mariota,LV,2020,0.4756209,27,0.6296296296296297,0.0
00-0032268,M.Mariota,LV,2021,-0.3602142,2,0.5,0.0
00-0032268,M.Mariota,ATL,2022,0.002217328,326,0.5644171779141104,0.07909604519774012
00-0032268,M.Mariota,PHI,2023,-0.17017101,26,0.5769230769230769,0.10344827586206896
00-0032268,M.Mariota,WAS,2024,0.40327114,47,0.723404255319149,0.06
00-0032268,M.Mariota,WAS,2025,0.027026918,244,0.569672131147541,0.06153846153846154
00-0032399,M.Killebrew,PIT,2024,-2.6777203,1,0.0,0.0
00-0032434,B.Allen,DEN,2019,-0.22472738,93,0.41935483870967744,0.08823529411764706
00-0032434,B.Allen,CIN,2020,-0.106277,149,0.6040268456375839,0.04487179487179487
00-0032434,B.Allen,CIN,2021,-0.29356384,38,0.4473684210526316,0.09523809523809523
00-0032434,B.Allen,CIN,2022,-0.17206348,4,0.75,0.2
00-0032434,B.Allen,SF,2024,-0.5594829,32,0.53125,0.058823529411764705
00-0032434,B.Allen,TEN,2025,-0.7751094,31,0.5483870967741935,0.03125
00-0032436,J.Driskel,DET,2019,-0.0058402056,115,0.5391304347826087,0.0873015873015873
00-0032436,J.Driskel,DEN,2020,-0.1539541,76,0.4605263157894737,0.12643678160919541
00-0032436,J.Driskel,HOU,2022,0.0028739546,22,0.6363636363636364,0.08333333333333333
00-0032436,J.Driskel,CLE,2023,-0.30877823,29,0.4482758620689655,0.09375
00-0032496,M.Farley,TEN,2021,3.0622718,1,1.0,0.0
00-0032543,A.Erickson,CIN,2019,1.7389607,1,1.0,0.0
00-0032543,A.Erickson,CIN,2020,-0.48907274,1,0.0,0.0
00-0032764,D.Henry,TEN,2019,2.3090034,1,1.0,0.0
00-0032764,D.Henry,TEN,2021,1.0320903,1,1.0,0.0
00-0032764,D.Henry,TEN,2022,0.2332283,2,1.0,0.0
00-0032764,D.Henry,TEN,2023,1.5074703,3,0.6666666666666666,0.0
00-0032764,D.Henry,BAL,2025,-0.4591186,1,0.0,0.0
00-0032792,N.Sudfeld,PHI,2020,-0.29666606,14,0.35714285714285715,0.125
00-0032792,N.Sudfeld,DET,2022,-0.89872783,1,0.0,0.5
00-0032943,R.Dixon,NYG,2019,-0.947,1,0.0,0.0
00-0032943,R.Dixon,NYG,2020,-2.573928,1,0.0,0.0
00-0032943,R.Dixon,NYG,2021,-2.8510377,1,0.0,0.0
00-0032943,R.Dixon,LA,2022,2.693377,2,1.0,0.0
00-0032943,R.Dixon,DEN,2024,0.795999,2,1.0,0.0
00-0032950,C.Wentz,PHI,2019,0.02946507,650,0.5984615384615385,0.055232558139534885
00-0032950,C.Wentz,PHI,2020,-0.13026316,492,0.5101626016260162,0.09225092250922509
00-0032950,C.Wentz,IND,2021,0.0236761,552,0.5833333333333334,0.0547945205479452
00-0032950,C.Wentz,WAS,2022,-0.10921712,309,0.5566343042071198,0.07761194029850746
00-0032950,C.Wentz,LA,2023,0.26002222,27,0.6296296296296297,0.06896551724137931
00-0032950,C.Wentz,KC,2024,-0.291886,23,0.5217391304347826,0.14814814814814814
00-0032950,C.Wentz,MIN,2025,0.042718034,188,0.5851063829787234,0.09178743961352658
00-0033009,T.Boyd,CIN,2020,0.36795637,2,0.5,0.0
00-0033009,T.Boyd,CIN,2021,3.1924436,1,1.0,0.0
00-0033009,T.Boyd,CIN,2022,0.3036443,2,0.5,0.3333333333333333
00-0033009,T.Boyd,CIN,2023,-6.5270686,1,0.0,0.0
00-0033009,T.Boyd,TEN,2024,-0.43441603,1,0.0,0.0
00-0033045,E.Elliott,DAL,2021,-0.793114,1,1.0,0.0
00-0033077,D.Prescott,DAL,2019,0.19740164,620,0.6258064516129033,0.03576982892690513
00-0033077,D.Prescott,DAL,2020,0.121347584,233,0.648068669527897,0.0411522633744856
00-0033077,D.Prescott,DAL,2021,0.14406525,678,0.6386430678466076,0.04908835904628331
00-0033077,D.Prescott,DAL,2022,0.110823914,486,0.6358024691358025,0.04330708661417323
00-0033077,D.Prescott,DAL,2023,0.18865713,695,0.6489208633093525,0.058265582655826556
00-0033077,D.Prescott,DAL,2024,-0.054609317,307,0.6026058631921825,0.06402439024390244
00-0033077,D.Prescott,DAL,2025,0.1720386,630,0.6412698412698413,0.046898638426626324
00-0033106,J.Goff,LA,2019,0.09499713,649,0.6070878274268104,0.03278688524590164
00-0033106,J.Goff,LA,2020,0.019638486,627,0.6379585326953748,0.04420731707317073
00-0033106,J.Goff,DET,2021,-0.06008722,529,0.6275992438563327,0.06205673758865248
00-0033106,J.Goff,DET,2022,0.15671141,610,0.6262295081967213,0.036334913112164295
00-0033106,J.Goff,DET,2023,0.12312144,754,0.6419098143236074,0.04677623261694058
00-0033106,J.Goff,DET,2024,0.25772628,607,0.6803953871499177,0.0515625
00-0033106,J.Goff,DET,2025,0.17668878,614,0.6400651465798045,0.05828220858895705
00-0033119,J.Brissett,IND,2019,0.017629847,472,0.576271186440678,0.05410821643286573
00-0033119,J.Brissett,IND,2020,-0.5522168,10,0.2,0.16666666666666666
00-0033119,J.Brissett,MIA,2021,-0.08368136,244,0.5778688524590164,0.07224334600760456
00-0033119,J.Brissett,CLE,2022,0.075824134,391,0.6035805626598465,0.05783132530120482
00-0033119,J.Brissett,WAS,2023,0.7226974,23,0.782608695652174,0.0
00-0033119,J.Brissett,NE,2024,-0.1669037,179,0.5307262569832403,0.09137055837563451
00-0033119,J.Brissett,ARI,2025,-0.0011176191,530,0.5943396226415094,0.07504363001745201
00-0033251,Z.Pascal,IND,2019,-0.7042251,1,0.0,0.0
00-0033251,Z.Pascal,IND,2020,-0.5561132,1,0.0,0.0
00-0033269,R.Sanchez,IND,2025,3.5125947,1,1.0,0.0
00-0033275,P.Walker,CAR,2020,-0.3741083,60,0.5333333333333333,0.0625
00-0033275,P.Walker,CAR,2021,-0.15358853,73,0.4931506849315068,0.0875
00-0033275,P.Walker,CAR,2022,-0.17544568,113,0.5575221238938053,0.058333333333333334
00-0033275,P.Walker,CLE,2023,-0.28556836,121,0.4462809917355372,0.08333333333333333
00-0033280,C.McCaffrey,CAR,2019,-0.95760745,2,0.0,0.0
00-0033280,C.McCaffrey,SF,2022,1.6169031,2,0.5,0.0
00-0033280,C.McCaffrey,SF,2025,-0.7708971,1,0.0,0.0
00-0033307,K.Bourne,NE,2021,2.347831,1,1.0,0.0
00-0033307,K.Bourne,NE,2024,-1.3199655,1,0.0,0.0
00-0033319,N.Mullens,SF,2020,0.009343049,347,0.6080691642651297,0.05191256830601093
00-0033319,N.Mullens,CLE,2021,0.07941313,29,0.6896551724137931,0.0
00-0033319,N.Mullens,MIN,2022,0.47148594,25,0.84,0.0
00-0033319,N.Mullens,MIN,2023,0.09935593,159,0.6289308176100629,0.07017543859649122
00-0033319,N.Mullens,MIN,2024,2.434363,2,1.0,0.0
00-0033319,N.Mullens,JAX,2025,0.96658874,3,1.0,0.0
00-0033357,T.Hill,NO,2019,0.04322319,8,0.5,0.1111111111111111
00-0033357,T.Hill,NO,2020,0.03156227,136,0.6470588235294118,0.09933774834437085
00-0033357,T.Hill,NO,2021,-0.028708974,141,0.5531914893617021,0.06
00-0033357,T.Hill,NO,2022,0.599342,21,0.6190476190476191,0.08695652173913043
00-0033357,T.Hill,NO,2023,0.24699533,13,0.46153846153846156,0.13333333333333333
00-0033357,T.Hill,NO,2024,-0.80442333,4,0.5,0.0
00-0033357,T.Hill,NO,2025,-0.16659975,6,0.3333333333333333,0.0
00-0033400,M.Haack,MIA,2019,-0.29237115,2,0.5,0.0
00-0033400,M.Haack,ARI,2025,4.4010515,1,1.0,0.0
00-0033466,I.McKenzie,BUF,2020,2.2947237,1,1.0,0.0
00-0033471,I.Ford,,2019,1.1019269,0,,
00-0033537,D.Watson,HOU,2019,0.13894455,626,0.6134185303514377,0.08076358296622614
00-0033537,D.Watson,HOU,2020,0.21538043,595,0.6420168067226891,0.07608695652173914
00-0033537,D.Watson,CLE,2022,-0.10266553,188,0.526595744680851,0.09615384615384616
00-0033537,D.Watson,CLE,2023,-0.09589737,187,0.5614973262032086,0.08333333333333333
00-0033537,D.Watson,CLE,2024,-0.20652537,250,0.548,0.1166077738515901
00-0033550,D.Webb,NYG,2022,-0.0068037068,41,0.5609756097560976,0.0
00-0033555,M.Hollins,LV,2022,0.051149596,1,1.0,0.0
00-0033557,J.Reeves-Maybin,DET,2023,4.1430035,1,1.0,0.0
00-0033572,J.Agnew,DET,2020,-0.4681625,1,0.0,0.0
00-0033662,C.Rush,DAL,2021,0.1485347,50,0.6,0.05660377358490566
00-0033662,C.Rush,DAL,2022,-0.093690865,168,0.5595238095238095,0.04
00-0033662,C.Rush,DAL,2023,-0.20959792,25,0.72,0.038461538461538464
00-0033662,C.Rush,DAL,2024,-0.10414739,321,0.5825545171339563,0.038922155688622756
00-0033662,C.Rush,BAL,2025,-0.4726751,53,0.6415094339622641,0.018518518518518517
00-0033681,K.Cole,NYJ,2021,-0.7408588,1,0.0,0.0
00-0033733,G.Ward,PHI,2020,-0.1739245,1,1.0,0.0
00-0033733,G.Ward,PHI,2021,-1.6769146,2,0.5,0.0
00-0033787,J.Elliott,PHI,2019,-2.4030688,1,0.0,0.0
00-0033856,L.Fournette,TB,2021,-0.66330147,1,0.0,0.0
00-0033856,L.Fournette,TB,2022,-4.7260165,1,0.0,0.0
00-0033858,J.Smith,ATL,2023,-0.86183035,1,0.0,0.0
00-0033869,M.Trubisky,CHI,2019,-0.054553792,552,0.5905797101449275,0.06440677966101695
00-0033869,M.Trubisky,CHI,2020,0.08279902,346,0.630057803468208,0.052054794520547946
00-0033869,M.Trubisky,BUF,2021,0.061239082,8,0.75,0.0
00-0033869,M.Trubisky,PIT,2022,0.009375824,191,0.612565445026178,0.054455445544554455
00-0033869,M.Trubisky,PIT,2023,-0.14409396,114,0.5877192982456141,0.05785123966942149
00-0033869,M.Trubisky,BUF,2024,0.36696693,26,0.7307692307692307,0.0
00-0033869,M.Trubisky,BUF,2025,0.65942913,37,0.6756756756756757,0.0
00-0033873,P.Mahomes,KC,2019,0.3023733,620,0.6306451612903226,0.03576982892690513
00-0033873,P.Mahomes,KC,2020,0.27672553,732,0.6366120218579235,0.03430079155672823
00-0033873,P.Mahomes,KC,2021,0.22848473,818,0.6418092909535452,0.04327485380116959
00-0033873,P.Mahomes,KC,2022,0.29381388,780,0.65,0.03584672435105068
00-0033873,P.Mahomes,KC,2023,0.12397832,776,0.6507731958762887,0.039603960396039604
00-0033873,P.Mahomes,KC,2024,0.14293112,714,0.6260504201680672,0.06176084099868594
00-0033873,P.Mahomes,KC,2025,0.16841954,537,0.5865921787709497,0.0595446584938704
00-0033891,Z.Jones,LV,2020,2.2214208,1,1.0,0.0
00-0033893,D.Cook,MIN,2022,-6.8878922,1,0.0,0.5
00-0033897,J.Mixon,CIN,2021,1.8504547,1,1.0,0.0
00-0033897,J.Mixon,HOU,2024,-0.726146,1,0.0,0.0
00-0033906,A.Kamara,NO,2019,0.9648147,1,1.0,0.0
00-0033908,C.Kupp,LA,2019,-1.3150116,1,0.0,0.0
00-0033908,C.Kupp,LA,2021,-0.95888495,2,0.0,0.0
00-0033908,C.Kupp,LA,2022,-0.46752027,1,0.0,0.0
00-0033908,C.Kupp,SEA,2025,-5.3701663,1,0.0,0.0
00-0033921,C.Godwin,TB,2023,-0.71117306,1,0.0,0.0
00-0033923,K.Hunt,CLE,2019,-1.2235224,1,0.0,0.5
00-0033936,C.Beathard,SF,2020,0.08457979,113,0.584070796460177,0.07377049180327869
00-0033936,C.Beathard,JAX,2021,0.91452724,2,1.0,0.0
00-0033936,C.Beathard,JAX,2022,-0.96676177,12,0.5833333333333334,0.07692307692307693
00-0033936,C.Beathard,JAX,2023,0.041146353,60,0.6666666666666666,0.09090909090909091
00-0033949,J.Dobbs,PIT,2020,-0.5246176,5,0.8,0.0
00-0033949,J.Dobbs,TEN,2022,-0.0962402,74,0.5405405405405406,0.075
00-0033949,J.Dobbs,ARI,2023,-0.11528222,450,0.5822222222222222,0.0625
00-0033949,J.Dobbs,SF,2024,0.142987,48,0.6666666666666666,0.04
00-0033949,J.Dobbs,NE,2025,-0.0977843,10,0.7,0.0
00-0033958,N.Peterman,LV,2020,-0.27436447,7,0.42857142857142855,0.2222222222222222
00-0033958,N.Peterman,,2021,-0.8975718,0,,
00-0033958,N.Peterman,CHI,2022,-0.19525087,25,0.56,0.038461538461538464
00-0033958,N.Peterman,CHI,2023,-0.09442649,1,0.0,0.5
00-0034052,B.Zylstra,,2020,-0.36979666,0,,
00-0034052,B.Zylstra,CAR,2021,-1.3167127,1,0.0,0.0
00-0034064,C.Wadman,DEN,2019,-3.1850805,1,0.0,0.5
00-0034162,J.Scott,GB,2020,-0.947,1,0.0,0.0
00-0034162,J.Scott,LAC,2024,-2.7066064,1,1.0,0.0
00-0034177,T.Boyle,GB,2019,-0.11360518,4,0.75,0.0
00-0034177,T.Boyle,GB,2020,-2.061416,1,0.0,0.5
00-0034177,T.Boyle,DET,2021,-0.020496516,95,0.6421052631578947,0.0
00-0034177,T.Boyle,CHI,2022,-0.60627544,9,0.2222222222222222,0.0
00-0034177,T.Boyle,NYJ,2023,-0.41891825,86,0.5581395348837209,0.09473684210526316
00-0034177,T.Boyle,MIA,2024,-0.25714335,51,0.5294117647058824,0.03773584905660377
00-0034279,E.St. Brown,,2022,-0.37550953,0,,
00-0034331,J.Samuels,PIT,2019,-0.7022918,5,0.8,0.0
00-0034343,J.Rosen,MIA,2019,-0.39459378,125,0.464,0.11347517730496454
00-0034343,J.Rosen,ATL,2021,-1.7004433,11,0.18181818181818182,0.0
00-0034348,C.Sutton,DEN,2019,2.5538151,1,1.0,0.0
00-0034348,C.Sutton,DEN,2021,1.001634,1,1.0,0.0
00-0034348,C.Sutton,DEN,2024,3.745369,2,1.0,0.0
00-0034348,C.Sutton,DEN,2025,-4.031719,1,0.0,0.5
00-0034401,M.White,NYJ,2021,-0.053366028,137,0.6423357664233577,0.028368794326241134
00-0034401,M.White,NYJ,2022,-0.04034488,184,0.5597826086956522,0.046632124352331605
00-0034401,M.White,MIA,2023,-1.2068169,6,0.8333333333333334,0.0
00-0034401,M.White,BUF,2024,-0.65026057,11,0.2727272727272727,0.0
00-0034411,R.Gage,ATL,2020,1.06815,2,0.5,0.0
00-0034412,L.Falk,NYJ,2019,-0.6816198,90,0.5222222222222223,0.1509433962264151
00-0034418,C.Wilson,DAL,2020,1.4114702,2,1.0,0.0
00-0034418,C.Wilson,DAL,2021,1.9163465,3,1.0,0.0
00-0034418,C.Wilson,MIA,2022,-1.2526237,1,0.0,0.5
00-0034418,C.Wilson,MIA,2023,-1.3574524,1,0.0,0.5
00-0034418,C.Wilson,NO,2024,0.5756083,2,0.5,0.3333333333333333
00-0034419,B.Berrios,NYJ,2022,1.1844527,1,1.0,0.0
00-0034437,L.Cooke,JAX,2019,0.77663726,3,0.6666666666666666,0.25
00-0034437,L.Cooke,JAX,2023,2.564376,1,1.0,0.0
00-0034438,L.Woodside,TEN,2020,0.5116015,3,0.3333333333333333,0.0
00-0034438,L.Woodside,ATL,2023,-1.6256175,5,0.6,0.16666666666666666
00-0034521,A.Lazard,NYJ,2024,-1.0107956,1,0.0,0.0
00-0034577,K.Allen,CAR,2019,-0.041445788,536,0.5652985074626866,0.07903780068728522
00-0034577,K.Allen,WAS,2020,0.071694896,96,0.625,0.06796116504854369
00-0034577,K.Allen,WAS,2021,0.017845543,22,0.5454545454545454,0.08333333333333333
00-0034577,K.Allen,HOU,2022,-0.47998205,85,0.5411764705882353,0.05555555555555555
00-0034577,K.Allen,PIT,2024,1.4325529,1,1.0,0.0
00-0034577,K.Allen,DET,2025,-0.6776327,2,0.0,0.0
00-0034613,T.Hudson,CIN,2023,-2.2643816,1,0.0,0.5
00-0034721,C.Bojorquez,CLE,2025,-1.8045413,1,0.0,0.0
00-0034771,M.Rudolph,PIT,2019,-0.0996489,299,0.5886287625418061,0.04777070063694268
00-0034771,M.Rudolph,PIT,2020,0.17406778,45,0.5555555555555556,0.021739130434782608
00-0034771,M.Rudolph,PIT,2021,-0.17282969,57,0.6140350877192983,0.0
00-0034771,M.Rudolph,PIT,2023,0.05226805,119,0.6470588235294118,0.05555555555555555
00-0034771,M.Rudolph,TEN,2024,0.016088992,237,0.6160337552742616,0.04435483870967742
00-0034771,M.Rudolph,PIT,2025,0.06806253,55,0.7090909090909091,0.03508771929824561
00-0034775,C.Kirk,ARI,2021,3.0305774,1,1.0,0.0
00-0034775,C.Kirk,JAX,2022,-0.3268064,1,0.0,0.0
00-0034775,C.Kirk,JAX,2023,-0.8782986,2,0.5,0.0
00-0034796,L.Jackson,BAL,2019,0.3041409,486,0.6090534979423868,0.05263157894736842
00-0034796,L.Jackson,BAL,2020,0.15241352,458,0.5960698689956332,0.07474747474747474
00-0034796,L.Jackson,BAL,2021,0.057100054,421,0.5843230403800475,0.08278867102396514
00-0034796,L.Jackson,BAL,2022,0.04996331,352,0.5767045454545454,0.06878306878306878
00-0034796,L.Jackson,BAL,2023,0.08990712,560,0.6125,0.0728476821192053
00-0034796,L.Jackson,BAL,2024,0.34103668,544,0.6433823529411765,0.0456140350877193
00-0034796,L.Jackson,BAL,2025,0.060793675,338,0.5680473372781065,0.0962566844919786
00-0034799,K.Ballage,,2019,-0.29497474,0,,
00-0034827,D.Moore,CAR,2020,-0.40847093,1,0.0,0.0
00-0034827,D.Moore,CHI,2024,-0.44727218,1,0.0,0.0
00-0034827,D.Moore,CHI,2025,3.8681936,1,1.0,0.0
00-0034829,M.Gesicki,MIA,2021,-0.58645344,1,0.0,0.0
00-0034844,S.Barkley,PHI,2024,-1.6599532,1,0.0,0.5
00-0034855,B.Mayfield,CLE,2019,-0.011350501,574,0.5522648083623694,0.06514657980456026
00-0034855,B.Mayfield,CLE,2020,0.16319232,580,0.6017241379310345,0.044481054365733116
00-0034855,B.Mayfield,CLE,2021,-0.016615497,462,0.5476190476190477,0.08514851485148515
00-0034855,B.Mayfield,CAR,2022,-0.14124799,371,0.5417789757412399,0.08845208845208845
00-0034855,B.Mayfield,TB,2023,0.08764549,695,0.5928057553956835,0.06460296096904442
00-0034855,B.Mayfield,TB,2024,0.20557576,631,0.6687797147385103,0.06101190476190476
00-0034855,B.Mayfield,TB,2025,0.059431825,584,0.5873287671232876,0.05806451612903226
00-0034857,J.Allen,BUF,2019,0.008454818,546,0.5402930402930403,0.06984667802385008
00-0034857,J.Allen,BUF,2020,0.24099849,728,0.6497252747252747,0.04461942257217848
00-0034857,J.Allen,BUF,2021,0.21227002,740,0.6175675675675676,0.036458333333333336
00-0034857,J.Allen,BUF,2022,0.1718716,689,0.590711175616836,0.056164383561643834
00-0034857,J.Allen,BUF,2023,0.17435522,675,0.64,0.037089871611982884
00-0034857,J.Allen,BUF,2024,0.29691505,586,0.6228668941979523,0.03140495867768595
00-0034857,J.Allen,BUF,2025,0.16189423,584,0.636986301369863,0.07006369426751592
00-0034860,D.Pettis,SF,2019,1.2418056,1,1.0,0.0
00-0034860,D.Pettis,NYG,2021,0.98088473,1,1.0,0.0
00-0034869,S.Darnold,NYJ,2019,-0.018950425,475,0.5747368421052632,0.06496062992125984
00-0034869,S.Darnold,NYJ,2020,-0.17575583,398,0.5452261306532663,0.08083140877598152
00-0034869,S.Darnold,CAR,2021,-0.14893937,442,0.5497737556561086,0.07337526205450734
00-0034869,S.Darnold,CAR,2022,0.17924431,147,0.5578231292517006,0.06369426751592357
00-0034869,S.Darnold,SF,2023,0.006093513,51,0.5490196078431373,0.10526315789473684
00-0034869,S.Darnold,MIN,2024,0.037091807,643,0.6003110419906688,0.08142857142857143
00-0034869,S.Darnold,SEA,2025,0.15392157,599,0.6327212020033389,0.05221518987341772
00-0034899,J.Wolford,LA,2020,-0.036429014,47,0.5319148936170213,0.06
00-0034899,J.Wolford,LA,2021,-1.2720958,5,0.2,0.16666666666666666
00-0034899,J.Wolford,LA,2022,-0.2992472,69,0.5507246376811594,0.09210526315789473
00-0034928,S.Sims,WAS,2019,-0.35981807,1,0.0,0.0
00-0034941,M.Wishnowsky,SF,2019,-0.947,1,0.0,0.0
00-0034941,M.Wishnowsky,SF,2020,-0.947,1,0.0,0.0
00-0034955,B.Rypien,DEN,2020,-0.04111201,41,0.6585365853658537,0.023809523809523808
00-0034955,B.Rypien,DEN,2021,-1.0295589,2,0.0,0.0
00-0034955,B.Rypien,DEN,2022,-0.3051589,96,0.5520833333333334,0.07692307692307693
00-0034955,B.Rypien,LA,2023,-0.42765546,40,0.45,0.047619047619047616
00-0034955,B.Rypien,CIN,2025,-1.237878,1,0.0,0.5
00-0034959,A.Beck,DEN,2019,2.351546,1,1.0,0.0
00-0034960,J.Meyers,NE,2020,2.815671,2,1.0,0.0
00-0034960,J.Meyers,NE,2021,0.89345866,2,1.0,0.0
00-0034960,J.Meyers,LV,2023,0.5862543,3,0.6666666666666666,0.0
00-0034960,J.Meyers,LV,2024,-1.5676264,1,0.0,0.5
00-0035040,D.Blough,DET,2019,-0.23839337,188,0.5,0.06930693069306931
00-0035040,D.Blough,DET,2020,-0.65474224,11,0.5454545454545454,0.08333333333333333
00-0035040,D.Blough,DET,2021,-0.29303727,1,0.0,0.5
00-0035040,D.Blough,ARI,2022,-0.084054664,63,0.6031746031746031,0.07352941176470588
00-0035042,J.Gillan,NYG,2022,-3.9164693,1,0.0,0.5
00-0035100,J.Browning,CIN,2023,0.11950204,268,0.6380597014925373,0.0821917808219178
00-0035100,J.Browning,CIN,2025,-0.35827264,134,0.6044776119402985,0.06293706293706294
00-0035146,T.McSorley,BAL,2020,0.2415496,10,0.3,0.0
00-0035146,T.McSorley,ARI,2022,-0.3992121,86,0.5232558139534884,0.033707865168539325
00-0035156,J.Fox,DET,2021,1.7307863,3,0.6666666666666666,0.0
00-0035156,J.Fox,DET,2022,2.9525986,1,1.0,0.0
00-0035156,J.Fox,DET,2024,3.637429,1,1.0,0.0
00-0035190,A.Cole,LV,2024,4.333918,1,1.0,0.0
00-0035228,K.Murray,ARI,2019,-0.009909485,589,0.5925297113752123,0.07535321821036106
00-0035228,K.Murray,ARI,2020,0.07748021,579,0.6476683937823834,0.04455445544554455
00-0035228,K.Murray,ARI,2021,0.09677511,550,0.64,0.05660377358490566
00-0035228,K.Murray,ARI,2022,-0.004357422,418,0.6196172248803827,0.056433408577878104
00-0035228,K.Murray,ARI,2023,-0.014792863,289,0.6089965397923875,0.05863192182410423
00-0035228,K.Murray,ARI,2024,0.111128666,570,0.6526315789473685,0.05
00-0035228,K.Murray,ARI,2025,0.07894335,177,0.6214689265536724,0.08290155440414508
00-0035232,D.Haskins,WAS,2019,-0.18656448,234,0.5085470085470085,0.11026615969581749
00-0035232,D.Haskins,WAS,2020,-0.15128724,262,0.5648854961832062,0.07092198581560284
00-0035250,D.Singletary,HOU,2023,1.8422966,1,1.0,0.0
00-0035250,D.Singletary,NYG,2025,1.053,1,0.0,0.0
00-0035251,W.Grier,CAR,2019,-0.43850893,58,0.4827586206896552,0.09375
00-0035264,J.Stidham,NE,2019,-2.0299733,5,0.4,0.16666666666666666
00-0035264,J.Stidham,NE,2020,-0.3972944,48,0.4583333333333333,0.07692307692307693
00-0035264,J.Stidham,LV,2022,0.0037259748,90,0.5888888888888889,0.07216494845360824
00-0035264,J.Stidham,DEN,2023,0.05159735,73,0.547945205479452,0.0875
00-0035264,J.Stidham,,2024,1.2270381,0,,
00-0035264,J.Stidham,DEN,2025,-0.4335828,34,0.5,0.08108108108108109
00-0035282,E.Stick,LAC,2020,-0.2389741,1,1.0,0.0
00-0035282,E.Stick,LAC,2023,-0.13072865,187,0.5935828877005348,0.06965174129353234
00-0035289,G.Minshew II,JAX,2019,-0.008364966,507,0.5621301775147929,0.06111111111111111
00-0035289,G.Minshew II,JAX,2020,0.0764581,357,0.6050420168067226,0.0703125
00-0035289,G.Minshew,PHI,2021,0.22439384,66,0.6212121212121212,0.07042253521126761
00-0035289,G.Minshew,PHI,2022,0.077425614,81,0.5432098765432098,0.06896551724137931
00-0035289,G.Minshew,IND,2023,-0.0010819974,527,0.5787476280834914,0.06060606060606061
00-0035289,G.Minshew,LV,2024,-0.12015997,333,0.6096096096096096,0.08011049723756906
00-0035289,G.Minshew,KC,2025,-0.493891,13,0.46153846153846156,0.0
00-0035290,J.Johnson,BUF,2020,3.1153674,1,1.0,0.0
00-0035297,K.Harmon,WAS,2019,0.9028712,1,1.0,0.0
00-0035350,P.Williams,MIA,2019,-0.9268505,1,0.0,0.5
00-0035510,J.Smith,NYJ,2020,-1.9228771,1,0.0,0.5
00-0035544,T.Kennedy,DET,2021,5.069598,1,1.0,0.0
00-0035577,D.Hodges,PIT,2019,-0.13508639,175,0.5714285714285714,0.07894736842105263
00-0035639,P.Campbell,NYG,2023,-1.5267875,1,0.0,0.5
00-0035645,G.Olszewski,NYG,2025,1.2139896,2,0.5,0.0
00-0035652,R.Finley,CIN,2019,-0.5498274,98,0.41836734693877553,0.10091743119266056
00-0035652,R.Finley,CIN,2020,-0.4960593,41,0.4146341463414634,0.18
00-0035676,A.Brown,TEN,2021,-0.6257292,2,0.0,0.0
00-0035685,D.Montgomery,CHI,2021,-3.17675,1,0.0,0.0
00-0035685,D.Montgomery,DET,2024,1.3525293,2,1.0,0.0
00-0035685,D.Montgomery,DET,2025,-0.5816231,3,0.3333333333333333,0.25
00-0035689,D.Knox,BUF,2021,1.053,1,0.0,0.0
00-0035700,J.Jacobs,LV,2023,-1.0764066,1,0.0,0.5
00-0035704,D.Lock,DEN,2019,0.09056825,161,0.6211180124223602,0.030120481927710843
00-0035704,D.Lock,DEN,2020,-0.08814104,464,0.5474137931034483,0.039337474120082816
00-0035704,D.Lock,DEN,2021,-0.04197348,119,0.5630252100840336,0.0703125
00-0035704,D.Lock,SEA,2023,-0.018567419,83,0.5783132530120482,0.06741573033707865
00-0035704,D.Lock,NYG,2024,-0.11882844,193,0.5544041450777202,0.05853658536585366
00-0035704,D.Lock,SEA,2025,-0.29757428,3,0.6666666666666666,0.0
00-0035710,D.Jones,NYG,2019,-0.049914636,500,0.568,0.07063197026022305
00-0035710,D.Jones,NYG,2020,-0.047661208,494,0.5668016194331984,0.08348794063079777
00-0035710,D.Jones,NYG,2021,-0.02912865,383,0.6057441253263708,0.05432098765432099
00-0035710,D.Jones,NYG,2022,0.061197538,584,0.6095890410958904,0.08176100628930817
00-0035710,D.Jones,NYG,2023,-0.24884245,191,0.5654450261780105,0.13574660633484162
00-0035710,D.Jones,NYG,2024,-0.084655516,371,0.5822102425876011,0.0725
00-0035710,D.Jones,IND,2025,0.15103118,409,0.6381418092909535,0.05104408352668213
00-0035719,D.Samuel,,2019,1.0919453,0,,
00-0035719,D.Samuel,SF,2021,1.0088668,2,0.5,0.0
00-0035719,D.Samuel,SF,2023,-0.44318777,1,0.0,0.0
00-0035719,D.Samuel,SF,2024,-2.089832,1,0.0,0.5
00-0035752,C.Streveler,ARI,2020,-0.74545026,18,0.6111111111111112,0.1
00-0035752,C.Streveler,ARI,2021,-0.43751624,11,0.5454545454545454,0.15384615384615385
00-0035752,C.Streveler,NYJ,2022,-0.19465515,15,0.6666666666666666,0.0
00-0035831,J.Robinson,JAX,2020,-4.408993,1,0.0,0.5
00-0035859,B.Gillikin,NO,2021,-2.3642862,1,0.0,0.0
00-0035864,K.Hinton,DEN,2020,-1.1741313,10,0.1,0.09090909090909091
00-0035864,K.Hinton,DEN,2021,-3.1306643,1,1.0,0.0
00-0035889,T.Townsend,KC,2020,3.4530158,1,1.0,0.0
00-0035889,T.Townsend,KC,2021,4.030698,1,1.0,0.0
00-0035889,T.Townsend,KC,2022,-3.517586,1,0.0,0.0
00-0035889,T.Townsend,KC,2023,2.4396408,1,1.0,0.0
00-0035939,B.Perkins,LA,2022,-0.30085614,39,0.48717948717948717,0.13333333333333333
00-0035993,T.Huntley,BAL,2020,-0.41710195,19,0.47368421052631576,0.05
00-0035993,T.Huntley,BAL,2021,-0.068614066,205,0.5951219512195122,0.08071748878923767
00-0035993,T.Huntley,BAL,2022,-0.06466154,148,0.6216216216216216,0.05732484076433121
00-0035993,T.Huntley,BAL,2023,0.059209514,41,0.5121951219512195,0.08888888888888889
00-0035993,T.Huntley,MIA,2024,-0.09984556,149,0.5771812080536913,0.09146341463414634
00-0035993,T.Huntley,BAL,2025,0.14900097,74,0.7027027027027027,0.0975609756097561
00-0036133,J.Proche,BAL,2022,-4.0428915,1,0.0,0.0
00-0036142,I.Wright,WAS,2020,-0.5597911,1,0.0,0.0
00-0036145,L.Cager,NYG,2022,-0.84021217,1,0.0,0.5
00-0036197,J.Fromm,NYG,2021,-0.41197097,66,0.4090909090909091,0.08333333333333333
00-0036212,T.Tagovailoa,MIA,2020,-0.033016413,310,0.6,0.06060606060606061
00-0036212,T.Tagovailoa,MIA,2021,0.063503034,409,0.6430317848410758,0.046620046620046623
00-0036212,T.Tagovailoa,MIA,2022,0.21764323,421,0.6152019002375297,0.04751131221719457
00-0036212,T.Tagovailoa,MIA,2023,0.14345232,630,0.6476190476190476,0.046898638426626324
00-0036212,T.Tagovailoa,MIA,2024,0.22099315,421,0.6912114014251781,0.04751131221719457
00-0036212,T.Tagovailoa,MIA,2025,0.016043603,415,0.6265060240963856,0.06741573033707865
00-0036226,J.Eason,IND,2021,-0.6205086,5,0.4,0.0
00-0036226,J.Eason,CAR,2022,-0.45225638,5,0.6,0.0
00-0036259,J.Jennings,SF,2023,2.9465134,1,1.0,0.0
00-0036259,J.Jennings,SF,2025,3.2096102,1,1.0,0.0
00-0036261,B.Aiyuk,,2021,-0.20452826,0,,
00-0036264,J.Love,GB,2021,-0.10666394,66,0.5454545454545454,0.043478260869565216
00-0036264,J.Love,GB,2022,0.17600143,20,0.7,0.0
00-0036264,J.Love,GB,2023,0.15522335,665,0.6150375939849624,0.04316546762589928
00-0036264,J.Love,GB,2024,0.116873056,477,0.6037735849056604,0.032454361054766734
00-0036264,J.Love,GB,2025,0.27324894,508,0.6200787401574803,0.04150943396226415
00-0036275,D.Swift,DET,2021,-0.91251945,1,0.0,0.0
00-0036290,C.Kmet,CHI,2025,-0.39433467,1,0.0,0.0
00-0036309,D.Mooney,,2023,-0.32450712,0,,
00-0036309,D.Mooney,ATL,2024,-0.4238182,1,0.0,0.0
00-0036312,J.Luton,JAX,2020,-0.2842309,118,0.5084745762711864,0.056
00-0036313,B.Mann,NYJ,2022,0.44602203,2,0.5,0.0
00-0036313,B.Mann,PHI,2023,4.2093267,1,1.0,0.0
00-0036320,J.Charlton,CAR,2020,0.728961,2,0.5,0.3333333333333333
00-0036322,J.Jefferson,MIN,2021,0.31333396,4,0.5,0.0
00-0036322,J.Jefferson,MIN,2022,0.28688967,3,1.0,0.0
00-0036322,J.Jefferson,MIN,2023,-0.39332578,1,0.0,0.0
00-0036322,J.Jefferson,MIN,2024,1.4160935,1,1.0,0.0
00-0036326,C.Claypool,PIT,2022,2.5532115,1,1.0,0.0
00-0036355,J.Herbert,LAC,2020,0.14028646,626,0.6325878594249201,0.0486322188449848
00-0036355,J.Herbert,LAC,2021,0.17125016,709,0.6248236953455572,0.041891891891891894
00-0036355,J.Herbert,LAC,2022,0.037448835,782,0.6419437340153452,0.04981773997569866
00-0036355,J.Herbert,LAC,2023,0.05142332,486,0.6111111111111112,0.05631067961165048
00-0036355,J.Herbert,LAC,2024,0.08900923,581,0.5955249569707401,0.07188498402555911
00-0036355,J.Herbert,LAC,2025,0.033889752,603,0.5953565505804311,0.09049773755656108
00-0036358,C.Lamb,DAL,2020,-1.2370598,1,0.0,0.5
00-0036358,C.Lamb,DAL,2022,-0.947,1,0.0,0.0
00-0036364,L.Bowden,MIA,2020,0.5146515,2,0.5,0.0
00-0036384,B.DiNucci,DAL,2020,-0.5389143,49,0.46938775510204084,0.125
00-0036389,J.Hurts,PHI,2020,0.008473513,161,0.4782608695652174,0.07471264367816093
00-0036389,J.Hurts,PHI,2021,0.06797002,505,0.5702970297029702,0.0525328330206379
00-0036389,J.Hurts,PHI,2022,0.13662949,590,0.6169491525423729,0.06645569620253164
00-0036389,J.Hurts,PHI,2023,0.08482545,613,0.6150081566068516,0.0598159509202454
00-0036389,J.Hurts,PHI,2024,0.19049756,503,0.6222664015904572,0.09205776173285199
00-0036389,J.Hurts,PHI,2025,0.07306492,522,0.6015325670498084,0.05945945945945946
00-0036398,J.Hightower,,2020,-0.55647945,0,,
00-0036414,C.Akers,MIN,2023,-1.5187925,1,0.0,0.5
00-0036414,C.Akers,MIN,2025,3.2600105,1,1.0,0.0
00-0036425,D.Dallas,SEA,2022,-4.8671126,1,0.0,0.0
00-0036425,D.Dallas,SEA,2023,-0.51785177,1,0.0,0.5
00-0036442,J.Burrow,CIN,2020,0.06838108,433,0.6096997690531177,0.06881720430107527
00-0036442,J.Burrow,CIN,2021,0.14592727,732,0.6325136612021858,0.08728179551122195
00-0036442,J.Burrow,CIN,2022,0.14506327,770,0.6311688311688312,0.06211936662606577
00-0036442,J.Burrow,CIN,2023,0.008592711,388,0.6288659793814433,0.05825242718446602
00-0036442,J.Burrow,CIN,2024,0.16513486,701,0.6562054208273894,0.06408544726301736
00-0036442,J.Burrow,CIN,2025,0.084860094,278,0.6223021582733813,0.0576271186440678
00-0036613,J.Waddle,MIA,2025,-0.5923648,1,1.0,0.0
00-0036626,D.Brown,WAS,2023,-0.30589396,1,1.0,0.0
00-0036626,D.Brown,WAS,2024,-0.42986038,1,0.0,0.0
00-0036679,S.Buechele,KC,2025,-0.38300893,19,0.3684210526315789,0.20833333333333334
00-0036825,F.Franks,ATL,2021,-3.8404934,1,0.0,0.0
00-0036849,T.Atwell,LA,2023,1.053,1,0.0,0.0
00-0036849,T.Atwell,LA,2024,-0.51110137,1,0.0,0.0
00-0036879,S.Ehlinger,IND,2022,-0.27952054,115,0.5565217391304348,0.10852713178294573
00-0036880,P.Sewell,DET,2024,-0.9758531,1,0.0,0.5
00-0036893,N.Harris,PIT,2022,-0.06479256,1,1.0,0.0
00-0036898,D.Mills,HOU,2021,-0.1266366,424,0.6202830188679245,0.06813186813186813
00-0036898,D.Mills,HOU,2022,-0.13298802,511,0.5714285714285714,0.05719557195571956
00-0036898,D.Mills,HOU,2023,-0.11878173,42,0.4523809523809524,0.045454545454545456
00-0036898,D.Mills,HOU,2024,-0.23905537,38,0.5263157894736842,0.05
00-0036898,D.Mills,HOU,2025,-0.074425295,169,0.5384615384615384,0.04519774011299435
00-0036900,J.Chase,CIN,2022,-1.6040139,1,0.0,0.5
00-0036900,J.Chase,CIN,2023,-2.102857,1,1.0,0.0
00-0036913,K.Toney,NYG,2021,-0.20709455,4,0.25,0.2
00-0036913,K.Toney,,2022,-0.19144979,0,,
00-0036913,K.Toney,KC,2023,-0.44609344,1,0.0,0.0
00-0036919,K.Gainwell,PHI,2023,1.2345059,1,1.0,0.0
00-0036928,K.Trask,TB,2022,-0.59250665,9,0.3333333333333333,0.0
00-0036928,K.Trask,TB,2023,-1.8803029,1,0.0,0.0
00-0036928,K.Trask,TB,2024,0.29781094,1,1.0,0.0
00-0036929,I.Book,NO,2021,-1.0302024,28,0.42857142857142855,0.2222222222222222
00-0036945,J.Fields,CHI,2021,-0.12311369,304,0.5230263157894737,0.10588235294117647
00-0036945,J.Fields,CHI,2022,-0.072214104,377,0.5092838196286472,0.12731481481481483
00-0036945,J.Fields,CHI,2023,-0.03975711,416,0.5456730769230769,0.09565217391304348
00-0036945,J.Fields,PIT,2024,0.061669175,178,0.5955056179775281,0.08247422680412371
00-0036945,J.Fields,NYJ,2025,-0.04632338,233,0.5493562231759657,0.10384615384615385
00-0036946,K.Mond,MIN,2021,-0.5858509,3,0.6666666666666666,0.0
00-0036963,A.St. Brown,DET,2023,-1.9745742,1,0.0,0.5
00-0036963,A.St. Brown,DET,2024,1.724116,1,1.0,0.0
00-0036971,T.Lawrence,JAX,2021,-0.08968863,636,0.5644654088050315,0.04790419161676647
00-0036971,T.Lawrence,JAX,2022,0.11752263,704,0.6235795454545454,0.04217687074829932
00-0036971,T.Lawrence,JAX,2023,-0.010166041,602,0.6146179401993356,0.054945054945054944
00-0036971,T.Lawrence,JAX,2024,0.009569804,305,0.5639344262295082,0.05572755417956656
00-0036971,T.Lawrence,JAX,2025,0.076810725,631,0.5689381933438986,0.06240713224368499
00-0036972,M.Jones,NE,2021,0.07141307,590,0.6372881355932203,0.0499194847020934
00-0036972,M.Jones,NE,2022,-0.0690082,478,0.602510460251046,0.06640625
00-0036972,M.Jones,NE,2023,-0.1715611,368,0.6086956521739131,0.05641025641025641
00-0036972,M.Jones,JAX,2024,-0.0069821468,279,0.6129032258064516,0.04778156996587031
00-0036972,M.Jones,SF,2025,0.124263376,308,0.6590909090909091,0.04938271604938271
00-0037012,T.Lance,SF,2021,0.17142658,75,0.5466666666666666,0.05063291139240506
00-0037012,T.Lance,SF,2022,-0.25568002,33,0.45454545454545453,0.05714285714285714
00-0037012,T.Lance,DAL,2024,-0.28614405,45,0.5555555555555556,0.08163265306122448
00-0037012,T.Lance,LAC,2025,-0.49527544,59,0.4576271186440678,0.09230769230769231
00-0037013,Z.Wilson,NYJ,2021,-0.19346371,429,0.4965034965034965,0.09302325581395349
00-0037013,Z.Wilson,NYJ,2022,-0.10381136,265,0.4981132075471698,0.0798611111111111
00-0037013,Z.Wilson,NYJ,2023,-0.24791488,413,0.5351089588377724,0.10021786492374728
00-0037013,Z.Wilson,MIA,2025,-0.57165384,11,0.5454545454545454,0.0
00-0037077,S.Howell,WAS,2022,-0.14331257,22,0.5,0.12
00-0037077,S.Howell,WAS,2023,-0.13269956,679,0.5714285714285714,0.08736559139784947
00-0037077,S.Howell,SEA,2024,-0.8568639,18,0.2777777777777778,0.18181818181818182
00-0037175,A.Brown,BAL,2022,-0.40075895,52,0.4230769230769231,0.08771929824561403
00-0037238,D.London,ATL,2023,1.8440146,1,1.0,0.0
00-0037239,C.Olave,NO,2025,-3.595132,1,0.0,0.0
00-0037240,Ja.Williams,DET,2024,-4.441427,1,0.0,0.0
00-0037276,T.Chandler,MIN,2024,-0.59849167,1,0.0,0.5
00-0037304,Co.Heyward,PIT,2023,-0.25261006,1,0.0,0.0
00-0037324,C.Oladokun,KC,2024,-0.9724708,1,0.0,0.5
00-0037324,C.Oladokun,KC,2025,-0.4655577,62,0.5645161290322581,0.11428571428571428
00-0037327,S.Thompson,MIA,2022,-0.2578773,161,0.484472049689441,0.05847953216374269
00-0037327,S.Thompson,MIA,2024,-0.44930106,39,0.5384615384615384,0.13333333333333333
00-0037500,R.Wright,MIN,2022,-0.20460665,2,0.5,0.0
00-0037740,G.Wilson,NYJ,2022,-0.4925385,1,0.0,0.0
00-0037740,G.Wilson,NYJ,2023,-0.4334826,1,0.0,0.0
00-0037742,T.Burks,WAS,2025,-0.49842423,1,0.0,0.5
00-0037816,R.Doubs,GB,2023,-0.947,1,0.0,0.0
00-0037834,B.Purdy,SF,2022,0.22745773,249,0.6224899598393574,0.056818181818181816
00-0037834,B.Purdy,SF,2023,0.292405,580,0.6448275862068965,0.05228758169934641
00-0037834,B.Purdy,SF,2024,0.18404524,482,0.6224066390041494,0.06042884990253411
00-0037834,B.Purdy,SF,2025,0.13235755,359,0.6406685236768802,0.03753351206434316
00-0038102,K.Pickett,PIT,2022,-0.0019503229,417,0.5875299760191847,0.060810810810810814
00-0038102,K.Pickett,PIT,2023,-0.11862172,347,0.579250720461095,0.062162162162162166
00-0038102,K.Pickett,PHI,2024,0.007043924,47,0.5319148936170213,0.0784313725490196
00-0038102,K.Pickett,LV,2025,-0.46883819,52,0.5384615384615384,0.13333333333333333
00-0038108,B.Zappe,NE,2022,0.0766514,98,0.6632653061224489,0.057692307692307696
00-0038108,B.Zappe,NE,2023,-0.3264121,236,0.538135593220339,0.09578544061302682
00-0038108,B.Zappe,CLE,2024,-0.5193532,32,0.5,0.030303030303030304
00-0038115,D.Bellinger,NYG,2023,-0.947,1,0.0,0.0
00-0038120,B.Hall,NYJ,2025,1.1945616,1,1.0,0.0
00-0038122,D.Ridder,ATL,2022,-0.067016296,124,0.5887096774193549,0.06766917293233082
00-0038122,D.Ridder,ATL,2023,-0.06653593,420,0.5928571428571429,0.06873614190687362
00-0038122,D.Ridder,LV,2024,-0.20709904,94,0.5531914893617021,0.09615384615384616
00-0038128,M.Willis,TEN,2022,-0.45970085,71,0.43661971830985913,0.12345679012345678
00-0038128,M.Willis,TEN,2023,-0.043370653,9,0.4444444444444444,0.3076923076923077
00-0038128,M.Willis,GB,2024,0.28835946,63,0.6349206349206349,0.11267605633802817
00-0038128,M.Willis,GB,2025,0.70740604,38,0.7894736842105263,0.07317073170731707
00-0038391,S.Clifford,GB,2023,2.143627,1,1.0,0.0
00-0038393,D.Wicks,GB,2023,0.8892823,1,1.0,0.0
00-0038400,T.McKee,PHI,2024,0.31229177,47,0.6382978723404256,0.04081632653061224
00-0038400,T.McKee,PHI,2025,-0.032104123,46,0.5217391304347826,0.061224489795918366
00-0038416,T.Bagent,CHI,2023,-0.13923536,149,0.6308724832214765,0.032467532467532464
00-0038416,T.Bagent,CHI,2024,0.15943375,2,1.0,0.0
00-0038416,T.Bagent,CHI,2025,0.52377975,4,0.75,0.0
00-0038476,T.DeVito,NYG,2023,-0.2204371,215,0.5302325581395348,0.14682539682539683
00-0038476,T.DeVito,NYG,2024,-0.113065355,50,0.62,0.10714285714285714
00-0038543,J.Smith-Njigba,SEA,2024,2.2436094,1,1.0,0.0
00-0038550,H.Hooker,DET,2024,-0.22696577,10,0.6,0.09090909090909091
00-0038579,A.O'Connell,LV,2023,-0.06031916,367,0.5803814713896458,0.061381074168797956
00-0038579,A.O'Connell,LV,2024,0.019702462,254,0.6062992125984252,0.03787878787878788
00-0038579,A.O'Connell,LV,2025,-0.2377884,23,0.43478260869565216,0.041666666666666664
00-0038582,C.Tune,ARI,2023,-1.0403914,28,0.42857142857142855,0.2
00-0038582,C.Tune,ARI,2024,-0.5640093,2,1.0,0.0
00-0038582,C.Tune,GB,2025,-0.85610926,20,0.35,0.2
00-0038583,D.Thompson-Robinson,CLE,2023,-0.32199585,117,0.5128205128205128,0.04878048780487805
00-0038583,D.Thompson-Robinson,CLE,2024,-0.518754,126,0.48412698412698413,0.05970149253731343
00-0038598,J.Hall,MIN,2023,-0.5422986,24,0.5416666666666666,0.14285714285714285
00-0038618,X.Hutchinson,,2025,0.9142109,0,,
00-0038911,M.Cunningham,NE,2023,-1.2853723,1,0.0,0.5
00-0038977,N.Dell,HOU,2023,-0.7774167,1,0.0,0.5
00-0038998,J.Haener,NO,2024,-0.3300954,45,0.4,0.11764705882352941
00-0039040,D.Achane,MIA,2023,-1.4337288,1,0.0,0.5
00-0039054,M.Mapu,NE,2025,-2.4826915,1,0.0,0.5
00-0039150,B.Young,CAR,2023,-0.22815792,589,0.534804753820034,0.09523809523809523
00-0039150,B.Young,CAR,2024,-0.027281808,414,0.5652173913043478,0.0654627539503386
00-0039150,B.Young,CAR,2025,-0.016590856,548,0.593065693430657,0.05025996533795494
00-0039152,W.Levis,TEN,2023,-0.019043362,282,0.5283687943262412,0.09032258064516129
00-0039152,W.Levis,TEN,2024,-0.16353877,344,0.5523255813953488,0.10649350649350649
00-0039163,C.Stroud,HOU,2023,0.113349095,588,0.6020408163265306,0.06070287539936102
00-0039163,C.Stroud,HOU,2024,-0.0043556774,655,0.5755725190839694,0.08774373259052924
00-0039163,C.Stroud,HOU,2025,0.054855354,531,0.591337099811676,0.05178571428571429
00-0039164,A.Richardson,IND,2023,0.06367958,93,0.5376344086021505,0.07
00-0039164,A.Richardson,IND,2024,-0.11729841,277,0.4548736462093863,0.048109965635738834
00-0039164,A.Richardson,IND,2025,-0.60581,2,0.5,0.0
00-0039337,M.Nabers,NYG,2024,-0.96373236,1,0.0,0.0
00-0039376,S.Rattler,NO,2024,-0.27986437,250,0.52,0.08088235294117647
00-0039376,S.Rattler,NO,2025,-0.09729999,272,0.6397058823529411,0.06206896551724138
00-0039398,J.Milton,NE,2024,0.4305035,29,0.7586206896551724,0.0
00-0039398,J.Milton,DAL,2025,-0.16984653,24,0.625,0.0
00-0039451,I.Williams,NYJ,2025,-0.81877136,1,0.0,0.0
00-0039491,J.Coker,CAR,2024,1.3107094,1,1.0,0.0
00-0039577,K.Slovis,ARI,2025,-1.0733157,2,0.5,0.0
00-0039634,A.McNamara,NYJ,2025,2.8565037,1,1.0,0.0
00-0039732,B.Nix,DEN,2024,0.0490017,615,0.6325203252032521,0.0405616224648986
00-0039732,B.Nix,DEN,2025,0.11634464,684,0.6052631578947368,0.031161473087818695
00-0039851,D.Maye,NE,2024,0.0056967842,374,0.6016042780748663,0.08333333333333333
00-0039851,D.Maye,NE,2025,0.21690667,681,0.6226138032305433,0.09078771695594126
00-0039890,A.Mitchell,IND,2024,2.445659,1,1.0,0.0
00-0039910,J.Daniels,WAS,2024,0.18042217,648,0.6265432098765432,0.07296137339055794
00-0039910,J.Daniels,WAS,2025,0.019250583,204,0.5588235294117647,0.08108108108108109
00-0039916,R.Pearsall,SF,2024,-0.5309751,1,0.0,0.0
00-0039917,M.Penix,ATL,2024,0.1363729,109,0.5596330275229358,0.035398230088495575
00-0039917,M.Penix,ATL,2025,0.03453751,290,0.5724137931034483,0.0429042904290429
00-0039918,C.Williams,CHI,2024,-0.049443677,636,0.5518867924528302,0.09659090909090909
00-0039918,C.Williams,CHI,2025,0.11608969,686,0.5495626822157434,0.035161744022503515
00-0039923,J.McCarthy,MIN,2025,-0.15108532,273,0.5128205128205128,0.09
00-0040128,T.Warren,IND,2025,-0.46532738,1,0.0,0.0
00-0040206,R.Leonard,IND,2025,-0.13517869,70,0.5571428571428572,0.027777777777777776
00-0040234,Q.Ewers,MIA,2025,-0.04160483,91,0.6043956043956044,0.08080808080808081
00-0040259,G.Larvadain,,2025,-0.8114259,0,,
00-0040398,B.Cook,NYJ,2025,-0.3876635,173,0.5086705202312138,0.09895833333333333
00-0040494,M.Brosmer,MIN,2025,-0.65216494,85,0.5529411764705883,0.1414141414141414
00-0040563,E.Chism,NE,2025,-1.6435506,1,0.0,0.0
00-0040668,S.Sanders,CLE,2025,-0.23883648,235,0.5106382978723404,0.08914728682170543
00-0040676,C.Ward,TEN,2025,-0.16715382,592,0.5456081081081081,0.08500772797527048
00-0040691,J.Dart,NYG,2025,0.049820144,375,0.576,0.08536585365853659
00-0040704,D.Gabriel,CLE,2025,-0.19060795,204,0.5392156862745098,0.08520179372197309
00-0040730,R.Harvey,DEN,2025,-0.45860767,1,0.0,0.0
00-0040743,T.Shough,NO,2025,-0.004860278,356,0.6207865168539326,0.08010335917312661
00-0040784,Q.Judkins,CLE,2025,-0.947,1,0.0,0.0
